{
    "target": "Maintenance_Required_Within_45_Days",
    "features_used": [
        "cycle_time_sec",
        "Temperature_C",
        "Vibration_mms",
        "Sound_dB",
        "Oil_Level_pct",
        "Coolant_Level_pct",
        "Hydraulic_Pressure_bar",
        "Coolant_Flow_L_min",
        "Heat_Index",
        "Power_Consumption_kW",
        "Operational_Hours",
        "Error_Codes_Last_30_Days",
        "sensor_anomaly_score"
    ],
    "best_model": "GradientBoostingClassifier",
    "selection_metric": "f1_score",
    "best_f1_score": 0.8041237113402062,
    "results": [
        {
            "model": "LogisticRegression",
            "accuracy": 0.947,
            "precision": 0.8296943231441049,
            "recall": 0.7392996108949417,
            "f1_score": 0.7818930041152263,
            "roc_auc": 0.9784887186321719
        },
        {
            "model": "DecisionTreeClassifier",
            "accuracy": 0.9335,
            "precision": 0.7870370370370371,
            "recall": 0.6614785992217899,
            "f1_score": 0.718816067653277,
            "roc_auc": 0.9475098838935508
        },
        {
            "model": "RandomForestClassifier",
            "accuracy": 0.9435,
            "precision": 0.7647058823529411,
            "recall": 0.8093385214007782,
            "f1_score": 0.7863894139886578,
            "roc_auc": 0.9788403195885265
        },
        {
            "model": "GradientBoostingClassifier",
            "accuracy": 0.9525,
            "precision": 0.8552631578947368,
            "recall": 0.7587548638132295,
            "f1_score": 0.8041237113402062,
            "roc_auc": 0.9834513149875768
        }
    ]
}