model,accuracy,precision,recall,f1_score,roc_auc
GradientBoostingClassifier,0.9525,0.8552631578947368,0.7587548638132295,0.8041237113402062,0.9834513149875768
RandomForestClassifier,0.9435,0.7647058823529411,0.8093385214007782,0.7863894139886578,0.9788403195885265
LogisticRegression,0.947,0.8296943231441049,0.7392996108949417,0.7818930041152263,0.9784887186321719
DecisionTreeClassifier,0.9335,0.7870370370370371,0.6614785992217899,0.718816067653277,0.9475098838935508
