model,mae_days,rmse_days,r2_score
GradientBoostingRegressor,18.381058961882907,28.109515977050307,0.7996250185229126
RandomForestRegressor,19.019519015662585,28.493892517075736,0.7941075963309382
LinearRegression,20.690252662500498,29.780282889524706,0.7750974404422162
