model,accuracy,precision,recall,f1_score,roc_auc
RandomForestClassifier,0.85,0.8787878787878788,0.8529411764705882,0.8656716417910447,0.8863122171945701
GradientBoostingClassifier,0.8333333333333334,0.875,0.8235294117647058,0.8484848484848485,0.8631221719457014
LogisticRegression,0.7666666666666667,0.7631578947368421,0.8529411764705882,0.8055555555555556,0.8235294117647058
DecisionTreeClassifier,0.6333333333333333,0.6764705882352942,0.6764705882352942,0.6764705882352942,0.6527149321266968
