model,mae_days,rmse_days,r2_score
LinearRegression,6.765451963477874,10.099889660921319,0.9870891430308302
GradientBoostingRegressor,6.884532139699624,10.177624989936353,0.9868896374833108
RandomForestRegressor,7.123116264903451,10.457301865731495,0.9861592029377351
