model,mae_days,rmse_days,r2_score
GradientBoostingRegressor,16.529470812172807,23.565001591369022,0.8507937268905236
RandomForestRegressor,17.44667620334786,24.227497407335576,0.8422863628864576
LinearRegression,18.648484732899234,25.232431097766185,0.8289313895199593
