model,mae_days,rmse_days,r2_score
LinearRegression,6.922374175517545,11.166817415333892,0.9841071333011646
GradientBoostingRegressor,6.980395421353684,11.153322756165577,0.9841455218988776
RandomForestRegressor,7.206803058124366,11.416050630850739,0.9833897877191682
